"id","subc_id","bio1_min","bio1_max","bio1_mean","bio1_sd","bio2_min","bio2_max","bio2_mean","bio2_sd","bio3_min","bio3_max","bio3_mean","bio3_sd","bio4_min","bio4_max","bio4_mean","bio4_sd","bio5_min","bio5_max","bio5_mean","bio5_sd","bio6_min","bio6_max","bio6_mean","bio6_sd","bio7_min","bio7_max","bio7_mean","bio7_sd","bio8_min","bio8_max","bio8_mean","bio8_sd","bio9_min","bio9_max","bio9_mean","bio9_sd","bio10_min","bio10_max","bio10_mean","bio10_sd","bio11_min","bio11_max","bio11_mean","bio11_sd","bio12_min","bio12_max","bio12_mean","bio12_sd","bio13_min","bio13_max","bio13_mean","bio13_sd","bio14_min","bio14_max","bio14_mean","bio14_sd","bio15_min","bio15_max","bio15_mean","bio15_sd","bio16_min","bio16_max","bio16_mean","bio16_sd","bio17_min","bio17_max","bio17_mean","bio17_sd","bio18_min","bio18_max","bio18_mean","bio18_sd","bio19_min","bio19_max","bio19_mean","bio19_sd"
4058503931,507804526,10.05,10.15,10.0745,0.043,7,7,7,0,30.8,30.8,30.8,0,577.7,578.9,577.9943,0.5163,22.55,22.55,22.55,0,-0.15,-0.15,-0.15,0,22.7,22.7,22.7,0,3.85,3.85,3.85,0,6.05,6.05,6.05,0,17.55,17.65,17.5745,0.043,2.75,2.75,2.75,0,834.7,837.7,835.4358,1.2908,79.1,79.4,79.1736,0.1291,46,46.2,46.0491,0.0861,12.8,12.8,12.8,0,231.6,232.4,231.7962,0.3442,176.8,177.5,176.9717,0.3012,218.5,219.4,218.7208,0.3872,215.8,216.6,215.9962,0.3442
4058610695,508082108,8.75,8.75,8.75,0,6.7,6.7,6.7,0,29.1,29.3,29.1918,0.0997,585.6,587.9,586.7459,1.0752,21.05,21.15,21.0663,0.037,-1.85,-1.85,-1.85,0,22.9,23,22.9163,0.037,2.45,2.45,2.45,0,4.55,4.65,4.5663,0.037,16.25,16.35,16.3041,0.0498,1.25,1.25,1.25,0,986.9,997.1,991.5959,3.8648,90.6,91.4,90.9602,0.2992,61.3,61.8,61.5653,0.2095,10.9,10.9,10.9,0,267.6,270.3,268.8214,1.0126,214.9,217,215.8857,0.8052,266.4,269.3,267.7459,1.1042,247.9,250.5,249.0592,0.9672
4058496706,507777524,9.65,9.65,9.65,0,7.2,7.2,7.2,0,29,29,29,0,647.3,647.3,647.3,0,23.45,23.45,23.45,0,-1.45,-1.45,-1.45,0,24.9,24.9,24.9,0,16.45,16.45,16.45,0,5.25,5.25,5.25,0,18.05,18.05,18.05,0,1.45,1.45,1.45,0,539.9,539.9,539.9,0,61.7,61.7,61.7,0,28.4,28.4,28.4,0,23,23,23,0,175.4,175.4,175.4,0,103.8,103.8,103.8,0,172.7,172.7,172.7,0,108.2,108.2,108.2,0
4058505990,506799932,9.45,9.45,9.45,0,6.8,6.9,6.8988,0.011,28.4,28.4,28.4,0,629.7,630.8,630.3383,0.5429,22.85,22.95,22.9488,0.011,-1.25,-1.25,-1.25,0,24.1,24.2,24.1988,0.011,17.55,17.65,17.608,0.0494,5.05,5.05,5.05,0,17.55,17.65,17.608,0.0494,1.45,1.45,1.45,0,659.7,662.1,659.8926,0.315,71.1,71.3,71.1432,0.052,38.9,39.1,38.9432,0.052,15.6,15.7,15.658,0.0494,201.1,201.8,201.1494,0.0877,135.1,135.6,135.1877,0.1082,201.1,201.8,201.1494,0.0877,155.8,156.5,155.8494,0.0877
4058613271,506463635,8.95,8.95,8.95,0,6.4,6.4,6.4,0,28.6,28.6,28.6,0,591.5,591.5,591.5,0,21.55,21.55,21.55,0,-0.95,-0.95,-0.95,0,22.5,22.5,22.5,0,16.65,16.65,16.65,0,4.55,4.55,4.55,0,16.65,16.65,16.65,0,1.55,1.55,1.55,0,877,877,877,0,86.5,86.5,86.5,0,45.4,45.4,45.4,0,15.7,15.7,15.7,0,249.1,249.1,249.1,0,176.2,176.2,176.2,0,249.1,249.1,249.1,0,215.3,215.3,215.3,0
4058628671,507763324,9.85,9.85,9.85,0,7.1,7.1,7.1,0,30.6,30.6,30.6,0,590.5,590.5,590.5,0,22.55,22.55,22.55,0,-0.65,-0.65,-0.65,0,23.2,23.2,23.2,0,17.55,17.55,17.55,0,5.65,5.65,5.65,0,17.55,17.55,17.55,0,2.35,2.35,2.35,0,820.7,820.7,820.7,0,75.6,75.6,75.6,0,47.3,47.3,47.3,0,12.8,12.8,12.8,0,223.6,223.6,223.6,0,169.2,169.2,169.2,0,223.6,223.6,223.6,0,202.4,202.4,202.4,0
4058552963,506298975,8.75,8.75,8.75,0,6.2,6.2,6.2,0,28.5,28.6,28.5302,0.0459,576,576.3,576.0905,0.1377,20.85,20.95,20.9198,0.0459,-0.95,-0.95,-0.95,0,21.8,21.9,21.8698,0.0459,9.35,13.25,11.331,1.9498,4.25,4.25,4.25,0,16.15,16.25,16.2198,0.0459,1.55,1.55,1.55,0,872.3,876.8,875.4286,1.642,93.4,94.1,93.8571,0.2486,44,44.3,44.1889,0.1056,19.5,19.5,19.5,0,255,256.7,256.1524,0.6125,161.7,162.5,162.2365,0.2869,247.3,248.7,248.2143,0.4972,203.2,204.1,203.8159,0.3257
4058609807,508748682,7.95,7.95,7.95,0,7,7,7,0,28,28.2,28.04,0.08,658,659.5,659.2,0.6,21.35,21.35,21.35,0,-3.55,-3.45,-3.53,0.04,24.8,24.9,24.88,0.04,16.35,16.45,16.37,0.04,3.45,3.55,3.47,0.04,16.35,16.45,16.37,0.04,-0.55,-0.45,-0.53,0.04,932.9,945.6,943.06,5.08,110.3,111.7,111.42,0.56,58.7,59.7,59.5,0.4,20.4,20.5,20.42,0.04,305.3,309.2,308.42,1.56,193.1,195.9,195.34,1.12,305.3,309.2,308.42,1.56,198.5,201.7,201.06,1.28
4058601973,506612201,9.25,9.35,9.3125,0.0484,6.4,6.4,6.4,0,28.4,28.5,28.4375,0.0484,588.9,590.7,590.025,0.8714,21.75,21.85,21.8125,0.0484,-0.75,-0.75,-0.75,0,22.5,22.6,22.5625,0.0484,16.85,16.95,16.9125,0.0484,5.05,5.05,5.05,0,16.85,16.95,16.9125,0.0484,1.85,1.85,1.85,0,842.7,849,845.0625,3.05,87.7,88.3,87.925,0.2905,43.6,43.9,43.7125,0.1452,16.5,16.5,16.5,0,249.1,250.8,249.7375,0.823,167.2,168.4,167.65,0.5809,249.1,250.8,249.7375,0.823,201,202.6,201.6,0.7746
4058565704,506874965,8.85,8.95,8.9207,0.0455,6.7,6.8,6.7707,0.0455,27.7,27.7,27.7,0,644,647.7,644.5829,0.9036,22.35,22.55,22.428,0.0564,-1.95,-1.95,-1.95,0,24.3,24.5,24.378,0.0564,17.25,17.35,17.2573,0.026,4.45,4.45,4.45,0,17.25,17.35,17.2573,0.026,0.75,0.85,0.8183,0.0465,640.2,642.4,642.161,0.6305,67.4,67.6,67.5805,0.0593,34.6,34.8,34.7512,0.0667,16,16.1,16.039,0.0488,191.7,192.2,192.0927,0.1295,130.5,131,130.922,0.1457,191.7,192.2,192.0927,0.1295,153,153.5,153.4537,0.1416
4058477904,506769097,9.05,9.15,9.1071,0.0495,6.8,6.8,6.8,0,27.2,27.3,27.2429,0.0495,665.9,666.4,666.1857,0.2474,22.85,22.95,22.9071,0.0495,-2.15,-2.15,-2.15,0,25,25.1,25.0571,0.0495,17.65,17.75,17.7071,0.0495,4.45,4.45,4.45,0,17.65,17.75,17.7071,0.0495,0.65,0.65,0.65,0,533.7,538.4,535.7143,2.3259,63.1,63.7,63.3571,0.2969,31.1,31.4,31.2286,0.1485,23.4,23.5,23.4571,0.0495,179.9,181.5,180.5857,0.7918,103.5,104.5,103.9286,0.4949,179.9,181.5,180.5857,0.7918,108.6,109.5,108.9857,0.4454
4058634032,508490965,8.65,8.65,8.65,0,7.4,7.4,7.4,0,29.4,29.8,29.5929,0.1437,644.1,645.6,644.925,0.5705,22.05,22.15,22.0536,0.0186,-2.85,-2.75,-2.8179,0.0467,24.8,25,24.8714,0.0525,15.35,15.35,15.35,0,4.25,4.25,4.25,0,16.95,16.95,16.95,0,0.35,0.35,0.35,0,672.6,675.7,673.6357,1.4351,67.8,68.5,68.0893,0.2833,42.5,42.6,42.5036,0.0186,13.6,14,13.7929,0.1437,195,196.8,195.5786,0.8406,145.5,145.9,145.6393,0.1877,188.8,190.3,189.2857,0.6983,152.7,153.2,152.75,0.0982
4058519641,507207375,9.55,9.55,9.55,0,6.9,6.9,6.9,0,28.7,28.7,28.7,0,619.3,620.4,619.8505,0.5474,22.85,22.85,22.85,0,-1.05,-1.05,-1.05,0,23.9,23.9,23.9,0,17.55,17.65,17.649,0.0097,5.25,5.25,5.25,0,17.55,17.65,17.649,0.0097,1.65,1.75,1.749,0.0097,722.7,729,724.6714,1.3769,70.7,70.9,70.7695,0.0481,43.2,43.5,43.2705,0.0515,13.1,13.2,13.1314,0.0464,205.5,206.1,205.641,0.103,153.5,155.3,154.0581,0.3901,205.5,206.1,205.641,0.103,183,185.8,183.9733,0.6728
4058594382,507640030,9.45,9.45,9.45,0,7.1,7.2,7.1524,0.0499,29.1,29.1,29.1,0,635.7,638.9,637.3762,1.5982,22.95,23.05,23.0024,0.0499,-1.55,-1.55,-1.55,0,24.5,24.6,24.5524,0.0499,16.05,16.15,16.1024,0.0499,5.05,5.05,5.05,0,17.65,17.75,17.7024,0.0499,1.35,1.35,1.35,0,549.8,552.1,550.8952,1.1487,60.4,60.7,60.5429,0.1498,30.9,31.1,30.9952,0.0999,20.5,20.6,20.5524,0.0499,174.6,175,174.7905,0.1998,109.1,109.5,109.2905,0.1998,173.5,174.1,173.7857,0.2997,115.7,116.6,116.1286,0.4495
4058501821,507094152,9.45,9.45,9.45,0,6.9,7,6.9122,0.0328,27.2,27.3,27.2122,0.0328,681.9,682.5,682.4143,0.21,23.45,23.45,23.45,0,-2.05,-2.05,-2.05,0,25.5,25.5,25.5,0,18.25,18.25,18.25,0,4.85,4.85,4.85,0,18.25,18.25,18.25,0,0.75,0.75,0.75,0,521.9,522.6,521.9898,0.2297,59.6,59.8,59.6143,0.0404,31.2,31.3,31.202,0.0141,22.6,22.8,22.7,0.0202,173.5,173.8,173.5265,0.0722,101.6,102,101.7143,0.0535,173.5,173.8,173.5265,0.0722,112.2,112.6,112.3245,0.0743
4058465357,507001498,9.25,9.35,9.3413,0.0282,6.7,6.8,6.7971,0.0168,27.3,27.4,27.3087,0.0282,654.5,656.2,656.0174,0.5096,22.85,22.95,22.9413,0.0282,-1.85,-1.75,-1.8051,0.0497,24.7,24.8,24.7464,0.0499,17.75,17.75,17.75,0,4.85,4.85,4.85,0,17.75,17.75,17.75,0,0.95,1.05,0.9529,0.0168,602.4,609.7,606.1464,1.3006,62.6,63.4,62.9812,0.1497,32.6,33,32.8116,0.0671,16.4,16.5,16.4029,0.0168,181.9,183.9,182.9203,0.3701,121.6,123.2,122.4507,0.2837,181.9,183.9,182.9203,0.3701,143.4,145.2,144.3101,0.3131
4058550781,507968887,8.35,8.35,8.35,0,6.8,6.8,6.8,0,29.5,29.5,29.5,0,585.5,585.7,585.5909,0.0996,20.75,20.85,20.7955,0.0498,-2.15,-2.15,-2.15,0,22.9,23,22.9455,0.0498,2.05,2.15,2.0955,0.0498,4.15,4.15,4.15,0,15.95,15.95,15.95,0,0.85,0.85,0.85,0,973.6,976,974.9091,1.195,92.2,92.5,92.3636,0.1494,60.1,60.2,60.1545,0.0498,12.1,12.1,12.1,0,271.2,272,271.6364,0.3983,213.4,213.9,213.6727,0.249,259.8,260.2,260.0182,0.1992,248,248.8,248.4364,0.3983
4058576197,507630614,9.45,9.45,9.45,0,7.1,7.1,7.1,0,29.1,29.1,29.1,0,638.3,638.3,638.3,0,22.95,22.95,22.95,0,-1.55,-1.55,-1.55,0,24.5,24.5,24.5,0,16.15,16.15,16.15,0,5.05,5.05,5.05,0,17.75,17.75,17.75,0,1.35,1.35,1.35,0,559.9,560.1,560.0913,0.0408,61,61,61,0,32.3,32.4,32.3957,0.0204,19.1,19.2,19.1043,0.0204,174.6,174.7,174.6043,0.0204,113.1,113.2,113.1957,0.0204,174.6,174.6,174.6,0,120.4,120.6,120.5913,0.0408
4058583314,508423123,9.25,9.25,9.25,0,7.7,7.7,7.7,0,30.3,30.3,30.3,0,650.8,651.5,650.9167,0.2609,23.05,23.05,23.05,0,-2.35,-2.35,-2.35,0,25.4,25.4,25.4,0,16.05,16.05,16.05,0,2.05,2.05,2.05,0,17.65,17.65,17.65,0,0.95,0.95,0.95,0,573.5,574.5,574.3333,0.3727,66.9,67,66.9833,0.0373,30.8,30.8,30.8,0,23.6,23.6,23.6,0,187.8,188.1,188.05,0.1118,106.6,106.7,106.6833,0.0373,183.4,183.9,183.8167,0.1863,108.2,108.3,108.2833,0.0373
4058546109,507091770,9.45,9.45,9.45,0,6.9,6.9,6.9,0,27.2,27.2,27.2,0,681.9,682.5,682.2962,0.2841,23.45,23.45,23.45,0,-2.05,-2.05,-2.05,0,25.5,25.5,25.5,0,18.25,18.25,18.25,0,4.85,4.85,4.85,0,18.25,18.25,18.25,0,0.75,0.75,0.75,0,522.4,530,526.1811,1.8833,59.4,60,59.6943,0.1323,31.3,31.7,31.4887,0.0945,22.3,22.5,22.3566,0.0901,173.3,175.1,174.1377,0.4362,102,103.7,102.8868,0.4252,173.3,175.1,174.1377,0.4362,112.6,114.7,113.7132,0.5627
4058503442,507509850,9.55,9.65,9.5776,0.0447,6.9,6.9,6.9,0,29.6,29.8,29.6966,0.0999,591.1,593.5,592.9069,0.4996,22.25,22.45,22.3293,0.0846,-0.85,-0.75,-0.8224,0.0447,23.1,23.2,23.1517,0.05,3.15,3.25,3.1776,0.0447,5.35,5.45,5.4052,0.0497,17.25,17.35,17.2776,0.0447,1.95,2.05,2.0052,0.0497,858.4,867.4,863.0483,4.4018,82.3,83.4,82.8759,0.5437,49.9,50.4,50.131,0.2261,12.8,12.8,12.8,0,239.6,242.7,241.1966,1.511,181.9,183.9,182.9414,0.9929,229.5,231.3,230.3517,0.8232,224,226.9,225.4897,1.4138
4058485388,508604480,8.75,8.75,8.75,0,7.4,7.5,7.4438,0.0496,29,29.2,29.0875,0.0992,663.5,664,663.7813,0.248,22.45,22.45,22.45,0,-3.15,-3.15,-3.15,0,25.6,25.6,25.6,0,15.65,15.65,15.65,0,1.35,1.45,1.3938,0.0496,17.25,17.25,17.25,0,0.15,0.15,0.15,0,635.7,639.5,637.3625,1.8851,70.8,70.9,70.8438,0.0496,38.7,39.1,38.875,0.1984,17.3,17.6,17.4688,0.1488,194.7,195.2,194.9188,0.248,130.6,132.1,131.2563,0.7441,190.8,191,190.8875,0.0992,132.2,133.8,132.9,0.7937
4058557790,508039386,9.75,9.75,9.75,0,7.2,7.2,7.2,0,28.1,28.1,28.1,0,672.3,672.3,672.3,0,23.55,23.55,23.55,0,-2.05,-2.05,-2.05,0,25.6,25.6,25.6,0,18.35,18.35,18.35,0,5.25,5.25,5.25,0,18.35,18.35,18.35,0,1.15,1.15,1.15,0,592,592,592,0,71.9,71.9,71.9,0,34.2,34.2,34.2,0,22.3,22.3,22.3,0,191.8,191.8,191.8,0,117.9,117.9,117.9,0,191.8,191.8,191.8,0,127.7,127.7,127.7,0
4058568515,507176838,9.65,9.65,9.65,0,6.9,6.9,6.9,0,29.4,29.4,29.4,0,605.8,605.9,605.8958,0.02,22.65,22.65,22.65,0,-0.75,-0.75,-0.75,0,23.4,23.4,23.4,0,17.55,17.55,17.55,0,5.35,5.35,5.35,0,17.55,17.55,17.55,0,1.95,1.95,1.95,0,749.3,752.5,752.3667,0.6394,72.6,72.9,72.8875,0.0599,44.3,44.5,44.4917,0.04,12.8,12.8,12.8,0,210.9,211.9,211.8583,0.1998,156.3,156.9,156.875,0.1199,210.9,211.9,211.8583,0.1998,187,187.7,187.6708,0.1399
4058464700,507880612,10.15,10.25,10.2256,0.0429,7,7,7,0,30.5,30.6,30.578,0.0414,578.8,579.8,578.8463,0.1563,22.65,22.65,22.65,0,-0.15,-0.15,-0.15,0,22.8,22.8,22.8,0,3.95,3.95,3.95,0,6.05,6.15,6.1256,0.0429,17.65,17.75,17.7256,0.0429,2.75,2.85,2.8256,0.0429,896.2,907.2,899.0634,4.6834,83.8,84.9,84.0878,0.4717,49.3,49.9,49.461,0.2575,12.6,12.7,12.6268,0.0443,246.3,249.5,247.1244,1.3602,189.8,192.2,190.4244,1.0181,237.2,239.8,237.8854,1.1115,229.4,232.4,230.178,1.2769
4058486431,508677878,10.45,10.55,10.468,0.0384,7.1,7.1,7.1,0,30.7,30.8,30.78,0.04,589.5,591.8,591.306,0.4518,23.05,23.15,23.068,0.0384,-0.05,0.05,-0.034,0.0367,23.1,23.2,23.102,0.014,18.15,18.15,18.15,0,6.45,6.45,6.45,0,18.15,18.15,18.15,0,2.85,2.95,2.948,0.014,808.3,821.6,820.358,2.7466,82.1,82.9,82.824,0.1692,53.1,53.7,53.648,0.1187,11.8,12.1,11.826,0.0594,231.7,234,233.792,0.4719,172.4,175.5,175.206,0.6451,231.7,234,233.792,0.4719,184.2,188.9,188.458,0.972
4058582701,508665800,8.35,8.35,8.35,0,7.3,7.3,7.3,0,28.5,28.5,28.5,0,670.4,670.4,670.4,0,21.95,21.95,21.95,0,-3.65,-3.65,-3.65,0,25.6,25.6,25.6,0,15.35,15.35,15.35,0,3.85,3.85,3.85,0,16.95,16.95,16.95,0,-0.35,-0.35,-0.35,0,745.3,745.3,745.3,0,78.8,78.8,78.8,0,48.8,48.8,48.8,0,13.2,13.2,13.2,0,215.3,215.3,215.3,0,164.3,164.3,164.3,0,211.9,211.9,211.9,0,168.8,168.8,168.8,0
4058564858,508293490,10.45,10.45,10.45,0,7.1,7.1,7.1,0,31.4,31.4,31.4,0,565.6,565.6,565.6,0,22.75,22.75,22.75,0,0.15,0.15,0.15,0,22.6,22.6,22.6,0,17.75,17.75,17.75,0,6.45,6.45,6.45,0,17.75,17.75,17.75,0,3.15,3.15,3.15,0,808.8,808.8,808.8,0,77.2,77.2,77.2,0,47.6,47.6,47.6,0,11.7,11.7,11.7,0,223,223,223,0,167.8,167.8,167.8,0,223,223,223,0,198,198,198,0
4058539759,506627827,9.15,9.25,9.1844,0.0475,6.7,6.7,6.7,0,28.5,28.5,28.5,0,609.5,609.7,609.6313,0.095,22.25,22.25,22.25,0,-1.15,-1.15,-1.15,0,23.4,23.4,23.4,0,17.05,17.15,17.0844,0.0475,4.75,4.85,4.7844,0.0475,17.05,17.15,17.0844,0.0475,1.45,1.55,1.4844,0.0475,745.1,745.2,745.1656,0.0475,76.4,76.5,76.4656,0.0475,43.7,43.7,43.7,0,14.7,14.7,14.7,0,221.6,221.7,221.6344,0.0475,155.1,155.2,155.1656,0.0475,221.6,221.7,221.6344,0.0475,179.7,179.8,179.7656,0.0475
4058504641,508438640,8.25,8.25,8.25,0,7.2,7.2,7.2,0,30.2,30.2,30.2,0,609.8,609.8,609.8,0,21.25,21.25,21.25,0,-2.45,-2.45,-2.45,0,23.7,23.7,23.7,0,14.65,14.65,14.65,0,4.05,4.05,4.05,0,16.25,16.25,16.25,0,0.55,0.55,0.55,0,736.6,736.6,736.6,0,73.4,73.4,73.4,0,46.2,46.2,46.2,0,13.6,13.6,13.6,0,213.7,213.7,213.7,0,148.8,148.8,148.8,0,202.7,202.7,202.7,0,173.1,173.1,173.1,0
4058631786,506301107,8.75,8.75,8.75,0,6.2,6.2,6.2,0,28.8,28.8,28.8,0,569.2,570.3,569.814,0.5463,20.75,20.75,20.75,0,-0.85,-0.85,-0.85,0,21.6,21.6,21.6,0,13.35,13.35,13.35,0,4.35,4.35,4.35,0,16.15,16.15,16.15,0,1.65,1.75,1.6942,0.0497,917.6,917.6,917.6,0,103.7,103.8,103.7442,0.0497,44.3,44.3,44.3,0,21.6,21.6,21.6,0,278.3,278.5,278.3884,0.0993,165.1,165.1,165.1,0,262.4,262.4,262.4,0,209.2,209.3,209.2442,0.0497
4058555110,508150849,9.75,9.75,9.75,0,7.3,7.3,7.3,0,28.3,28.4,28.3926,0.0262,672.7,673.2,673.163,0.1309,23.55,23.55,23.55,0,-2.05,-2.05,-2.05,0,25.6,25.6,25.6,0,18.45,18.45,18.45,0,5.25,5.25,5.25,0,18.45,18.45,18.45,0,1.15,1.15,1.15,0,621.5,622.6,622.5185,0.2881,73.5,73.5,73.5,0,37.1,37.2,37.1926,0.0262,21,21.1,21.0074,0.0262,199.3,199.4,199.3926,0.0262,124.3,124.6,124.5778,0.0786,199.3,199.4,199.3926,0.0262,136.8,137.3,137.263,0.1309
4058556692,506406239,8.85,8.95,8.8571,0.0258,6.4,6.4,6.4,0,28.6,28.6,28.6,0,584.1,585.3,585.2143,0.309,21.35,21.35,21.35,0,-0.85,-0.85,-0.85,0,22.2,22.2,22.2,0,16.45,16.55,16.4571,0.0258,4.45,4.55,4.4571,0.0258,16.45,16.55,16.4571,0.0258,1.55,1.65,1.5571,0.0258,918,927.1,926.45,2.3436,91.4,92.4,92.3286,0.2575,45.1,45.5,45.4714,0.103,16.8,16.9,16.8929,0.0258,258.8,261.5,261.3071,0.6954,180.2,181.9,181.7786,0.4378,258.8,261.5,261.3071,0.6954,225.3,227.3,227.1571,0.5151
4058538795,506440890,8.95,8.95,8.95,0,6.4,6.4,6.4,0,28.7,28.7,28.7,0,590.6,590.6,590.6,0,21.45,21.45,21.45,0,-0.95,-0.95,-0.95,0,22.4,22.4,22.4,0,16.65,16.65,16.65,0,4.55,4.55,4.55,0,16.65,16.65,16.65,0,1.55,1.55,1.55,0,878.9,880.1,879.35,0.5809,86.3,86.5,86.375,0.0968,45,45,45,0,15.9,15.9,15.9,0,247.5,248,247.6875,0.2421,175.8,176,175.875,0.0968,247.5,248,247.6875,0.2421,217.4,217.5,217.4375,0.0484
4058522584,508466403,9.25,9.25,9.25,0,7.1,7.1,7.1,0,28.5,28.5,28.5,0,653.9,653.9,653.9,0,22.65,22.65,22.65,0,-2.25,-2.25,-2.25,0,24.9,24.9,24.9,0,17.65,17.65,17.65,0,4.75,4.75,4.75,0,17.65,17.65,17.65,0,0.85,0.85,0.85,0,724.1,724.1,724.1,0,83.8,83.8,83.8,0,45.1,45.1,45.1,0,18.8,18.8,18.8,0,227.3,227.3,227.3,0,150.6,150.6,150.6,0,227.3,227.3,227.3,0,160.7,160.7,160.7,0
4058488865,509739120,9.95,10.15,10.0593,0.0539,7.4,7.5,7.4804,0.0397,30.5,30.8,30.6082,0.0821,620.6,623.9,622.2629,0.9894,23.25,23.35,23.3325,0.038,-1.05,-1.05,-1.05,0,24.3,24.4,24.3825,0.038,6.05,6.15,6.0696,0.0397,13.35,13.55,13.4521,0.0609,18.15,18.35,18.2521,0.0609,2.05,2.15,2.1325,0.038,900.2,913.1,906.9433,3.7554,97.9,99.5,98.7474,0.462,56.2,57,56.5887,0.2385,13.6,13.8,13.7093,0.0539,263.8,268,265.9928,1.2126,195.7,198,196.8464,0.682,214,216.3,215.2309,0.6842,248.4,252.7,250.6969,1.2456
4058570924,508638245,8.25,8.85,8.6525,0.2019,6.8,6.8,6.8,0,28.1,28.7,28.2975,0.2019,613.6,631.4,625.7475,6.0883,20.85,21.65,21.4125,0.2817,-2.75,-2.45,-2.51,0.12,23.6,24.1,23.9225,0.162,1.55,1.85,1.79,0.12,11.65,12.45,12.2125,0.2817,16.15,16.95,16.635,0.2445,0.35,0.65,0.5125,0.0827,1096.9,1129.7,1122.06,5.3425,118,121.2,120.5775,0.4982,63.5,65.5,64.985,0.3373,16.3,16.5,16.46,0.08,336.8,346.4,344.3775,1.5209,221.3,228.3,226.42,1.2007,253,261,258.94,1.3492,323.4,332.6,330.665,1.457
4058604956,508333991,8.05,8.35,8.2007,0.11,6.5,6.6,6.5187,0.039,28.8,29,28.8347,0.0739,575.7,581.7,578.7067,2.1153,20.05,20.35,20.2007,0.11,-2.55,-2.35,-2.4833,0.0929,22.6,22.7,22.684,0.0367,1.95,2.15,1.99,0.0589,11.05,11.35,11.2007,0.11,15.45,15.75,15.6007,0.11,0.65,0.85,0.7167,0.0929,1329.4,1367.6,1350.22,9.1726,142.5,146.8,144.9133,1.0222,75.3,77.6,76.5307,0.5593,16.7,16.9,16.82,0.0894,407.2,419.7,414.128,2.9685,265.4,273.1,269.62,1.835,307.3,316.1,312.2853,2.0453,386.3,398.2,392.9013,2.8305
4058574257,508876703,9.05,9.45,9.2578,0.1667,7.3,7.3,7.3,0,29.6,30.1,29.8314,0.2137,625.1,639.1,632.5627,5.8027,22.25,22.75,22.4951,0.2108,-2.15,-1.95,-2.0441,0.0826,24.4,24.7,24.5392,0.13,2.15,2.35,2.2559,0.0826,4.95,5.35,5.1578,0.1667,17.15,17.75,17.4637,0.2489,1.05,1.25,1.152,0.0852,835,840.9,837.0824,2.8195,83,83.3,83.1333,0.1294,51.9,52.4,52.0765,0.2389,10.5,10.6,10.5647,0.0478,231.4,232.4,231.8235,0.4222,183,184.4,183.5412,0.6241,210.4,212.7,211.2235,0.9632,220.9,222.1,221.4451,0.4984
4058590088,507357940,9.75,9.75,9.75,0,6.9,6.9,6.9,0,30.6,30.6,30.6,0,577.5,578.1,577.6043,0.2274,22.25,22.25,22.25,0,-0.35,-0.35,-0.35,0,22.6,22.6,22.6,0,3.55,3.55,3.55,0,5.65,5.65,5.65,0,17.25,17.25,17.25,0,2.45,2.45,2.45,0,848.9,864.9,861.0043,5.7365,82.2,83.6,83.287,0.5067,45.5,46.4,46.1739,0.322,14.6,14.6,14.6,0,239.1,243.5,242.4913,1.5874,174.1,177.3,176.5348,1.1491,228.9,233.4,232.2348,1.6078,219.9,223.9,222.9957,1.4457
4058467830,507689647,9.55,9.65,9.6233,0.0443,7.1,7.2,7.1733,0.0443,27.4,27.5,27.4267,0.0443,690.7,692.7,691.9791,0.8579,23.65,23.75,23.7233,0.0443,-2.35,-2.35,-2.35,0,26,26.1,26.0733,0.0443,18.45,18.55,18.5233,0.0443,4.95,5.05,5.0233,0.0443,18.45,18.55,18.5233,0.0443,0.75,0.85,0.7686,0.0389,613.2,615.4,614.6151,0.8038,77.6,78,77.9221,0.105,38.1,38.2,38.1767,0.0422,22.2,22.3,22.2733,0.0443,198.2,198.8,198.6791,0.2205,127,127.5,127.2791,0.1643,198.2,198.8,198.6791,0.2205,141.3,142,141.6779,0.231
4058560090,506465118,8.75,8.85,8.7972,0.0499,6.6,6.6,6.6,0,28.7,28.8,28.7528,0.0499,597.2,599.1,597.3417,0.313,21.55,21.65,21.5972,0.0499,-1.25,-1.25,-1.25,0,22.8,22.9,22.8472,0.0499,16.55,16.55,16.55,0,4.35,4.45,4.3944,0.0497,16.55,16.55,16.55,0,1.25,1.35,1.2944,0.0497,820.3,825.1,821.8111,1.621,82.1,82.7,82.2944,0.2081,45.7,46,45.7972,0.104,15.2,15.3,15.2556,0.0497,237.3,238.7,237.65,0.3869,165.9,166.8,166.1917,0.3121,237.3,238.7,237.65,0.3869,201.3,202.4,201.6417,0.367
4058577696,506997521,9.35,9.35,9.35,0,6.8,6.8,6.8,0,26.9,26.9,26.9,0,675.6,676.8,675.9231,0.5323,23.25,23.25,23.25,0,-2.05,-2.05,-2.05,0,25.3,25.3,25.3,0,18.05,18.05,18.05,0,4.75,4.75,4.75,0,18.05,18.05,18.05,0,0.75,0.75,0.75,0,540.5,561.7,546.9015,4.3097,58.8,61.2,59.57,0.4983,31.9,33,32.2208,0.2147,20.7,20.8,20.7538,0.0499,175.1,182.2,177.3723,1.4785,107.6,111.7,108.7885,0.8257,175.1,182.2,177.3723,1.4785,120.1,124.8,121.4762,0.9645
4058623136,506561224,9.15,9.25,9.1708,0.0406,6.4,6.4,6.4,0,28.4,28.5,28.4854,0.0353,584.2,586.4,584.625,0.836,21.55,21.65,21.5708,0.0406,-0.75,-0.75,-0.75,0,22.3,22.4,22.3208,0.0406,16.75,16.85,16.7688,0.039,4.95,5.05,4.9646,0.0353,16.75,16.85,16.7688,0.039,1.75,1.85,1.7708,0.0406,851.5,854.8,853.6104,0.5927,88.4,88.8,88.6208,0.0815,42.5,42.7,42.6125,0.0389,17.1,17.1,17.1,0,250.5,251.3,250.9458,0.1581,165.6,166.5,166.0646,0.1887,250.5,251.3,250.9458,0.1581,201.6,202.6,202.1583,0.1967
4058578509,507917647,10.25,10.35,10.3457,0.0204,6.8,6.9,6.8043,0.0204,30.2,30.5,30.213,0.0612,572.4,573.9,573.8348,0.3059,22.55,22.65,22.6457,0.0204,0.05,0.05,0.05,0,22.5,22.6,22.5957,0.0204,4.05,4.15,4.1457,0.0204,6.25,6.25,6.25,0,17.65,17.75,17.7457,0.0204,2.95,2.95,2.95,0,864,870.1,864.7174,1.2103,80.2,80.8,80.2826,0.1203,47.5,47.7,47.5652,0.056,12.8,12.8,12.8,0,239.7,241.5,239.9478,0.361,183.5,184.5,183.6,0.1978,225.1,226.7,225.2261,0.3179,220.1,221.7,220.2261,0.3179
4058545409,507173161,9.45,9.45,9.45,0,6.9,6.9,6.9,0,27.3,27.3,27.3,0,669.5,669.5,669.5,0,23.25,23.25,23.25,0,-1.95,-1.95,-1.95,0,25.2,25.2,25.2,0,18.05,18.05,18.05,0,4.85,4.85,4.85,0,18.05,18.05,18.05,0,0.95,0.95,0.95,0,610.1,610.1,610.1,0,63.6,63.6,63.6,0,33.8,33.8,33.8,0,17.4,17.4,17.4,0,185.9,185.9,185.9,0,122.1,122.1,122.1,0,185.9,185.9,185.9,0,145.1,145.1,145.1,0
4058553432,507829419,6.75,6.75,6.75,0,6.9,7,6.998,0.0141,29.3,29.3,29.3,0,605,606.1,605.6633,0.5325,19.55,19.65,19.648,0.0141,-4.15,-4.15,-4.15,0,23.7,23.8,23.798,0.0141,0.45,0.45,0.45,0,2.25,2.25,2.25,0,14.55,14.65,14.648,0.0141,-0.95,-0.85,-0.9112,0.0487,917.2,947.1,924.5571,6.4057,91.6,94.9,92.3776,0.6855,57.1,58.6,57.4265,0.2954,12.9,13.1,12.9633,0.0523,263.5,273.8,266.0776,2.234,207,213.8,208.6184,1.4225,234.6,241.1,236.2122,1.4007,245.9,255.5,248.2857,2.0716
4058617083,508174552,9.45,9.45,9.45,0,7.2,7.2,7.2,0,28.6,28.7,28.6636,0.0481,660.5,661.1,660.7182,0.2886,23.15,23.15,23.15,0,-2.05,-2.05,-2.05,0,25.2,25.2,25.2,0,18.05,18.05,18.05,0,4.95,4.95,4.95,0,18.05,18.05,18.05,0,1.05,1.05,1.05,0,646.3,646.6,646.4909,0.1443,74.4,74.5,74.4636,0.0481,39,39,39,0,18.1,18.1,18.1,0,199.8,200,199.9273,0.0962,135.3,135.3,135.3,0,199.8,200,199.9273,0.0962,145.8,145.8,145.8,0
4058520436,506510279,9.05,9.15,9.1438,0.0241,6.3,6.3,6.3,0,25.8,26.1,25.984,0.0693,647.2,648.8,648.5963,0.5246,22.55,22.55,22.55,0,-1.65,-1.65,-1.65,0,24.2,24.2,24.2,0,17.55,17.55,17.55,0,4.35,4.35,4.35,0,17.55,17.55,17.55,0,0.95,1.05,0.9623,0.0329,567.1,568.5,567.2617,0.3452,61.2,61.3,61.2074,0.0262,32.9,33,32.9074,0.0262,19.8,19.9,19.8877,0.0329,181.2,181.5,181.2444,0.0956,109.3,109.6,109.3333,0.0816,181.2,181.5,181.2444,0.0956,119.3,119.7,119.3506,0.109
4058579778,508556173,9.55,9.55,9.55,0,7.4,7.5,7.4538,0.0499,29.1,29.2,29.1538,0.0499,664,664.2,664.1077,0.0997,23.35,23.35,23.35,0,-2.15,-2.15,-2.15,0,25.5,25.5,25.5,0,18.05,18.15,18.1038,0.0499,2.25,2.25,2.25,0,18.05,18.15,18.1038,0.0499,0.95,1.05,1.0038,0.0499,596.9,601.4,599.3231,2.2433,74,74.4,74.2154,0.1994,31.3,31.6,31.4615,0.1496,25.8,26,25.8923,0.0997,199.5,200.6,200.0923,0.5484,106.5,107.6,107.0923,0.5484,199.5,200.6,200.0923,0.5484,108.1,109.2,108.6923,0.5484
4058461558,507225030,9.45,9.55,9.4821,0.0467,6.9,6.9,6.9,0,27.3,27.5,27.4607,0.069,670.5,671.4,670.7893,0.4203,23.35,23.35,23.35,0,-1.85,-1.85,-1.85,0,25.2,25.2,25.2,0,18.15,18.15,18.15,0,4.95,4.95,4.95,0,18.15,18.15,18.15,0,0.95,0.95,0.95,0,588.5,593.6,591.6107,1.1939,61.4,61.8,61.6583,0.0889,32.5,32.8,32.6738,0.06,17.9,17.9,17.9,0,180.6,182,181.4405,0.3363,117.1,118.2,117.7786,0.2474,180.6,182,181.4405,0.3363,138.8,140.3,139.6452,0.3307
4058505941,508617193,8.85,8.95,8.8738,0.0426,7.1,7.1,7.1,0,28.9,29.1,29.0524,0.0852,629.9,637,632.1905,2.7011,21.95,22.15,21.9976,0.0852,-2.35,-2.25,-2.3262,0.0426,24.3,24.4,24.3238,0.0426,1.95,1.95,1.95,0,4.65,4.75,4.6738,0.0426,16.95,17.15,17.0643,0.0559,0.75,0.75,0.75,0,806.6,810,807.3905,0.896,82.4,82.6,82.4667,0.0943,48.6,49,48.7048,0.1045,12.7,12.9,12.7476,0.0852,233.1,233.6,233.2381,0.2104,172.3,172.7,172.3619,0.1174,197.8,199.6,198.4381,0.4776,217.6,218.1,217.7381,0.2104
4058564688,507417958,9.65,9.65,9.65,0,6.8,6.8,6.8,0,29.5,29.5,29.5,0,596.1,596.1,596.1,0,22.45,22.45,22.45,0,-0.65,-0.65,-0.65,0,23.1,23.1,23.1,0,17.45,17.45,17.45,0,5.45,5.45,5.45,0,17.45,17.45,17.45,0,2.15,2.15,2.15,0,775.5,789.4,782.45,6.95,76.5,77.7,77.1,0.6,46.5,47.3,46.9,0.4,12.8,12.9,12.85,0.05,219,222.5,220.75,1.75,160.7,163.8,162.25,1.55,219,222.5,220.75,1.75,192.2,196.1,194.15,1.95
4058531385,506867212,9.45,9.45,9.45,0,6.8,6.8,6.8,0,27.9,28,27.9147,0.0354,636.2,636.2,636.2,0,22.95,22.95,22.95,0,-1.35,-1.35,-1.35,0,24.3,24.3,24.3,0,17.65,17.65,17.65,0,5.05,5.05,5.05,0,17.65,17.65,17.65,0,1.35,1.35,1.35,0,623.3,624.3,623.4471,0.3542,66.8,66.9,66.8147,0.0354,36.5,36.5,36.5,0,16.3,16.3,16.3,0,191.8,192.1,191.8441,0.1062,126.4,126.6,126.4294,0.0708,191.8,192.1,191.8441,0.1062,146.2,146.5,146.2441,0.1062
4058609029,507762112,9.75,9.75,9.75,0,7.1,7.1,7.1,0,27.6,27.7,27.65,0.05,678.7,679.8,679.25,0.55,23.55,23.65,23.6,0.05,-1.95,-1.95,-1.95,0,25.5,25.6,25.55,0.05,18.55,18.55,18.55,0,5.25,5.25,5.25,0,18.55,18.55,18.55,0,1.05,1.15,1.1,0.05,609.3,609.5,609.4,0.1,71,71.1,71.05,0.05,36.9,36.9,36.9,0,20.3,20.3,20.3,0,192.4,192.5,192.45,0.05,123.5,123.5,123.5,0,192.4,192.5,192.45,0.05,136.4,136.4,136.4,0
4058550362,507806698,9.75,9.75,9.75,0,7,7.1,7.0938,0.0242,30.1,30.1,30.1,0,597.9,598.4,598.3688,0.121,22.55,22.55,22.55,0,-0.85,-0.85,-0.85,0,23.4,23.4,23.4,0,3.35,3.35,3.35,0,5.55,5.55,5.55,0,17.55,17.55,17.55,0,2.15,2.15,2.15,0,889.1,891.2,889.2313,0.5083,82.9,83.1,82.9125,0.0484,52.7,52.9,52.7125,0.0484,12.4,12.4,12.4,0,243.7,244.2,243.7313,0.121,186.9,187.5,186.9375,0.1452,240.5,241.1,240.5375,0.1452,221.7,222.3,221.7375,0.1452
4058476680,507799687,9.75,9.75,9.75,0,7.1,7.1,7.1,0,27.5,27.5,27.5,0,684.3,684.3,684.3,0,23.65,23.65,23.65,0,-2.05,-1.95,-1.9583,0.0276,25.6,25.7,25.6083,0.0276,18.65,18.65,18.65,0,5.25,5.25,5.25,0,18.65,18.65,18.65,0,1.05,1.05,1.05,0,577.7,577.9,577.8833,0.0553,67.5,67.5,67.5,0,35.6,35.6,35.6,0,20.7,20.7,20.7,0,183.6,183.6,183.6,0,117.3,117.3,117.3,0,183.6,183.6,183.6,0,128,128,128,0
4058613578,507660353,9.75,9.75,9.75,0,7,7,7,0,31,31.1,31.0143,0.035,569.1,570.3,570.2143,0.309,22.05,22.15,22.1357,0.035,-0.35,-0.35,-0.35,0,22.4,22.5,22.4857,0.035,3.55,3.55,3.55,0,5.65,5.65,5.65,0,17.05,17.15,17.1429,0.0258,2.45,2.45,2.45,0,915.4,917.3,916.1357,0.3696,87.5,87.7,87.6,0.0378,50.7,50.8,50.7929,0.0258,13,13,13,0,257.5,258,257.7071,0.0961,193.2,193.7,193.4071,0.0961,238.1,238.3,238.1143,0.0515,238.1,238.7,238.3143,0.1187
4058495259,508366579,8.35,8.45,8.3967,0.0499,6.8,6.8,6.8,0,28.4,28.4,28.4,0,622.9,623.5,623.18,0.2993,21.15,21.25,21.1967,0.0499,-2.65,-2.65,-2.65,0,23.8,23.9,23.8467,0.0499,1.55,1.65,1.5967,0.0499,4.15,4.25,4.1967,0.0499,16.35,16.45,16.3967,0.0499,0.35,0.45,0.3967,0.0499,777.3,780.3,778.9,1.4967,76.2,76.7,76.4667,0.2494,46.9,47.1,47.0067,0.0998,11.7,11.7,11.7,0,219.6,221,220.3467,0.6984,164.3,165.2,164.78,0.449,197.3,197.5,197.4067,0.0998,205.4,206.7,206.0933,0.6486
4058567038,508944014,8.25,8.25,8.25,0,7.1,7.1,7.1,0,27.8,27.8,27.8,0,680.6,680.6,680.6,0,21.95,21.95,21.95,0,-3.65,-3.65,-3.65,0,25.6,25.6,25.6,0,16.95,16.95,16.95,0,3.85,3.85,3.85,0,16.95,16.95,16.95,0,-0.55,-0.55,-0.55,0,690.3,690.3,690.3,0,82.4,82.4,82.4,0,41.7,41.7,41.7,0,20.5,20.5,20.5,0,224.4,224.4,224.4,0,136.3,136.3,136.3,0,224.4,224.4,224.4,0,145.3,145.3,145.3,0
4058558992,506571515,9.25,9.25,9.25,0,6.4,6.4,6.4,0,28.5,28.5,28.5,0,586.4,586.4,586.4,0,21.65,21.65,21.65,0,-0.65,-0.65,-0.65,0,22.3,22.3,22.3,0,16.85,16.85,16.85,0,5.05,5.05,5.05,0,16.85,16.85,16.85,0,1.85,1.85,1.85,0,857.1,857.1,857.1,0,89,89,89,0,43,43,43,0,17,17,17,0,251.8,251.8,251.8,0,167.3,167.3,167.3,0,251.8,251.8,251.8,0,203.5,203.5,203.5,0
4058565032,508504396,8.25,8.25,8.25,0,6.6,6.6,6.6,0,27.9,28,27.9448,0.0497,619.1,620.1,619.6517,0.4973,20.85,20.85,20.85,0,-2.75,-2.75,-2.75,0,23.6,23.6,23.6,0,1.55,1.55,1.55,0,11.75,11.85,11.8052,0.0497,16.15,16.25,16.2052,0.0497,0.25,0.25,0.25,0,1267.6,1287.3,1276.431,9.7972,139.2,141.4,140.1862,1.0941,72.1,73.1,72.5483,0.4973,18,18.1,18.0448,0.0497,396.3,402.8,399.2138,3.2326,250.5,254.1,252.1138,1.7903,287.6,291.8,289.4828,2.0887,378.5,384.5,381.1897,2.9839
4058453117,506404415,8.85,8.85,8.85,0,6.2,6.2,6.2,0,27.5,27.5,27.5,0,594.5,594.5,594.5,0,21.45,21.45,21.45,0,-1.05,-1.05,-1.05,0,22.5,22.5,22.5,0,16.65,16.65,16.65,0,4.35,4.35,4.35,0,16.65,16.65,16.65,0,1.45,1.45,1.45,0,776.9,776.9,776.9,0,81.1,81.1,81.1,0,43,43,43,0,16.4,16.4,16.4,0,233.3,233.3,233.3,0,152.8,152.8,152.8,0,233.3,233.3,233.3,0,184.2,184.2,184.2,0
4058576975,508180265,9.45,9.55,9.5097,0.049,7,7,7,0,27.2,27.3,27.2007,0.0086,679.3,680.8,680.5448,0.3289,23.25,23.25,23.25,0,-2.35,-2.35,-2.35,0,25.6,25.6,25.6,0,18.25,18.25,18.25,0,4.95,4.95,4.95,0,18.25,18.25,18.25,0,0.75,0.75,0.75,0,696.5,698.6,697.5239,0.3968,82.1,82.4,82.3418,0.0537,42.5,42.6,42.5993,0.0086,21,21.2,21.0903,0.0421,224.8,225.6,225.3463,0.1544,142,142.3,142.0664,0.0722,224.8,225.6,225.3463,0.1544,157,157.8,157.3119,0.1377
4058584343,508669801,9.15,9.25,9.2486,0.0118,7.2,7.2,7.2,0,29.3,29.3,29.3,0,632.7,633.2,632.707,0.0589,22.45,22.45,22.45,0,-1.95,-1.95,-1.95,0,24.4,24.4,24.4,0,15.85,15.85,15.85,0,5.05,5.05,5.05,0,17.35,17.35,17.35,0,1.05,1.05,1.05,0,700.3,711.5,705.3169,0.9451,69.3,70.3,69.8,0.0839,43.5,44.2,43.8014,0.0593,12.8,12.8,12.8,0,199.4,202.7,200.9042,0.278,143.2,145.6,144.2056,0.2041,189.1,192.3,190.5056,0.2706,169.2,171.9,170.4042,0.2279
4058526033,506810809,9.35,9.45,9.3591,0.0287,6.8,6.8,6.8,0,28.4,28.4,28.4,0,627,628.2,627.1091,0.345,22.75,22.85,22.7591,0.0287,-1.25,-1.15,-1.2409,0.0287,24,24,24,0,17.55,17.65,17.5591,0.0287,4.95,5.05,4.9591,0.0287,17.55,17.65,17.5591,0.0287,1.45,1.55,1.4591,0.0287,648.3,651.3,651.0273,0.8624,70.2,70.5,70.4727,0.0862,38.6,38.8,38.7818,0.0575,15.5,15.5,15.5,0,197.3,198.3,198.2091,0.2875,133.4,134,133.9455,0.1725,197.3,198.3,198.2091,0.2875,152.8,153.5,153.4364,0.2012
4058574059,508263368,9.15,9.35,9.2269,0.0973,7,7.1,7.0615,0.0487,28.8,29.1,28.9923,0.1385,631.5,636.5,633.4231,2.4325,22.25,22.55,22.3346,0.1099,-1.95,-1.85,-1.9423,0.0266,24.2,24.4,24.2769,0.0973,15.75,15.95,15.8269,0.0973,4.95,5.15,5.0269,0.0973,17.25,17.55,17.3654,0.146,0.95,1.05,0.9885,0.0487,672.2,679.1,677.9538,1.7216,68.7,69.3,69.2538,0.1599,40.1,40.5,40.4077,0.0997,15.4,15.4,15.4,0,201.1,203,202.8538,0.5063,134.6,136,135.7077,0.3474,195.5,197.3,197.0385,0.4533,150.9,152.7,152.2538,0.4517
4058494171,508815138,9.65,9.65,9.65,0,7.3,7.3,7.3,0,29.7,29.8,29.7744,0.0436,638.1,639.2,638.9186,0.4799,22.95,23.05,22.9756,0.0436,-1.65,-1.65,-1.65,0,24.6,24.7,24.6256,0.0436,16.35,16.35,16.35,0,5.45,5.45,5.45,0,17.85,17.85,17.85,0,1.35,1.45,1.3756,0.0436,737.8,747.2,744.7953,4.1014,69.7,70.8,70.5186,0.4799,46.7,47.3,47.1465,0.2618,11.5,11.5,11.5,0,204.2,206.3,205.7628,0.9163,154.6,156.7,156.1628,0.9163,196.4,198.5,197.9628,0.9163,181.6,184.4,183.6837,1.2217
4058490398,508239837,8.15,8.25,8.1731,0.0421,7.1,7.2,7.1974,0.0158,29.5,29.7,29.6692,0.0514,625.7,627.2,626.041,0.5759,21.25,21.35,21.2782,0.045,-2.95,-2.85,-2.9218,0.045,24.2,24.2,24.2,0,14.65,14.75,14.6756,0.0437,3.75,3.85,3.7782,0.045,16.25,16.35,16.2731,0.0421,0.15,0.25,0.1731,0.0421,697.3,710.7,702.3333,3.1207,69.4,70.9,70.0487,0.3829,44.2,45.1,44.6026,0.2337,14,14.1,14.0231,0.0421,201.8,205.8,203.141,0.874,147.2,150.1,148.3462,0.6946,197.4,201.2,198.8795,0.9064,164,167.1,165.3744,0.805
4058515082,506711780,9.35,9.35,9.35,0,6.5,6.5,6.5,0,28.8,28.8,28.8,0,587.3,588.5,588.1308,0.5538,21.95,21.95,21.95,0,-0.65,-0.65,-0.65,0,22.6,22.6,22.6,0,16.95,16.95,16.95,0,5.15,5.15,5.15,0,16.95,16.95,16.95,0,1.95,1.95,1.95,0,835,835.6,835.1846,0.2769,85.9,85.9,85.9,0,44.5,44.6,44.5308,0.0462,15.8,15.8,15.8,0,243.3,243.5,243.3615,0.0923,168.1,168.2,168.1308,0.0462,243.3,243.5,243.3615,0.0923,204.1,204.1,204.1,0
4058463558,508189250,8.05,8.35,8.185,0.0853,6.5,6.5,6.5,0,28.2,28.4,28.36,0.08,591.2,598.9,596.055,2.3534,20.25,20.65,20.45,0.114,-2.65,-2.45,-2.535,0.0477,22.9,23.1,22.985,0.0726,1.65,1.85,1.765,0.0477,11.15,11.55,11.38,0.0954,15.65,15.95,15.785,0.0853,0.45,0.55,0.515,0.0477,1107.1,1121.7,1115.15,6.0025,107.4,108.7,108.175,0.5195,68.4,69.2,68.84,0.3292,11.7,11.7,11.7,0,317.1,320.7,319.125,1.4976,242.2,245.5,244.015,1.351,280.2,285.1,283.015,1.9066,296.5,300,298.55,1.4133
4058626284,507623822,9.55,9.55,9.55,0,6.8,6.9,6.8597,0.049,29.3,29.4,29.3478,0.0499,600.1,601.4,601.303,0.3416,22.25,22.35,22.3097,0.049,-1.05,-0.95,-1.0425,0.0263,23.3,23.4,23.3522,0.0499,3.05,3.05,3.05,0,5.35,5.35,5.35,0,17.35,17.35,17.35,0,1.85,1.85,1.85,0,845.1,860.3,856.1358,4.1803,82.3,83.9,83.4672,0.4379,49.6,50.5,50.2761,0.2395,13,13,13,0,238.8,243,241.7985,1.1758,181.2,184.4,183.5343,0.8758,225.4,229.8,228.5836,1.2144,223.1,227.2,226.0582,1.1349
4058584871,509302192,10.45,10.45,10.45,0,7.6,7.6,7.6,0,29.8,29.8,29.8,0,659.1,659.1,659.1,0,24.25,24.25,24.25,0,-1.25,-1.25,-1.25,0,25.5,25.5,25.5,0,17.35,17.35,17.35,0,6.25,6.25,6.25,0,19.05,19.05,19.05,0,1.95,1.95,1.95,0,727.2,727.2,727.2,0,71.9,71.9,71.9,0,47.7,47.7,47.7,0,12.7,12.7,12.7,0,209,209,209,0,154.5,154.5,154.5,0,204.9,204.9,204.9,0,165.1,165.1,165.1,0
4058592641,507540377,9.55,9.55,9.55,0,7.1,7.1,7.1,0,28.4,28.5,28.4887,0.0316,651.2,651.8,651.3944,0.2808,23.25,23.35,23.2542,0.0201,-1.65,-1.65,-1.65,0,24.9,25,24.9042,0.0201,18.05,18.05,18.05,0,5.15,5.15,5.15,0,18.05,18.05,18.05,0,1.25,1.25,1.25,0,561.5,563.8,562.6394,0.7267,59.9,60.3,60.1479,0.0991,32.1,32.3,32.1634,0.0923,20.6,20.7,20.693,0.0256,176.3,177.1,176.7197,0.2287,108.1,108.5,108.2901,0.1426,176.3,177.1,176.7197,0.2287,120.2,121,120.5746,0.2761
4058634984,508280090,8.45,8.45,8.45,0,7.2,7.2,7.2,0,29.4,29.4,29.4,0,636.5,636.5,636.5,0,21.75,21.75,21.75,0,-2.75,-2.75,-2.75,0,24.5,24.5,24.5,0,15.15,15.15,15.15,0,4.15,4.15,4.15,0,16.75,16.75,16.75,0,0.35,0.35,0.35,0,621.1,631.4,628.6104,4.5772,60.6,61.6,61.3292,0.4444,39.1,39.8,39.6104,0.3111,14.1,14.2,14.1271,0.0444,180.4,183.3,182.5146,1.2887,131.3,133.5,132.9042,0.9777,175.7,178.5,177.7417,1.2443,145,147.5,146.8229,1.111
4058452973,506438847,8.95,8.95,8.95,0,6.4,6.4,6.4,0,28.7,28.7,28.7,0,588.3,590.1,589,0.8775,21.45,21.45,21.45,0,-0.95,-0.95,-0.95,0,22.4,22.4,22.4,0,16.55,16.65,16.5889,0.0487,4.55,4.55,4.55,0,16.55,16.65,16.5889,0.0487,1.55,1.55,1.55,0,883.6,889.7,887.2333,2.9235,87.1,87.6,87.3944,0.2391,44.9,45.2,45.0833,0.1462,16,16,16,0,249.6,251,250.4167,0.6702,176.4,177.6,177.1167,0.5757,249.6,251,250.4167,0.6702,218,219.7,219.0278,0.8211
4058474084,508545942,10.15,10.25,10.2462,0.0192,6.9,7,6.9154,0.0361,30.1,30.3,30.1269,0.0654,589.1,590,589.3731,0.2296,22.65,22.75,22.6615,0.0319,-0.35,-0.25,-0.3385,0.0319,23,23,23,0,3.75,3.85,3.8462,0.0192,6.05,6.15,6.1462,0.0192,17.85,17.85,17.85,0,2.65,2.65,2.65,0,956.1,973.5,971.2462,5.6062,90.1,91.9,91.6538,0.5931,59,59.9,59.7885,0.2873,10.6,10.7,10.6846,0.0361,258.5,263.9,263.1615,1.7792,206.7,210.7,210.1808,1.2896,254.2,258.2,257.7077,1.2761,240.6,245.7,245.0077,1.674
4058532561,508658416,7.35,7.35,7.35,0,7.2,7.2,7.2,0,28.2,28.3,28.2185,0.0388,666.2,666.8,666.6889,0.2331,20.85,20.85,20.85,0,-4.55,-4.45,-4.5315,0.0388,25.3,25.4,25.3815,0.0388,15.95,15.95,15.95,0,2.95,2.95,2.95,0,15.95,15.95,15.95,0,-1.15,-1.15,-1.15,0,923.4,937.2,925.9556,5.3606,108.8,110.4,109.0963,0.6215,58.1,58.9,58.2481,0.3108,20.5,20.5,20.5,0,296.8,301.2,297.6148,1.7092,192.4,195.2,192.9185,1.0877,296.8,301.2,297.6148,1.7092,208.3,211.5,208.8926,1.243
4058494382,508981430,9.95,9.95,9.95,0,7.3,7.3,7.3,0,29.2,29.2,29.2,0,647.3,649.3,648.8429,0.8398,23.25,23.35,23.3271,0.042,-1.75,-1.65,-1.6729,0.042,25,25,25,0,2.65,2.65,2.65,0,5.75,5.85,5.7514,0.0119,18.25,18.35,18.3271,0.042,1.55,1.55,1.55,0,744.4,745.9,744.7443,0.6292,71.3,71.5,71.3471,0.084,47.9,48.1,47.9457,0.084,8.8,8.9,8.8771,0.042,200.3,200.6,200.37,0.1258,166,166.5,166.1143,0.21,192.6,193,192.7671,0.1273,192.7,193.1,192.7914,0.168
4058549629,506539304,8.85,8.85,8.85,0,6.6,6.6,6.6,0,28.6,28.6,28.6,0,603.7,604.2,603.7811,0.1843,21.85,21.85,21.85,0,-1.35,-1.35,-1.35,0,23.2,23.2,23.2,0,16.75,16.75,16.75,0,4.45,4.45,4.45,0,16.75,16.75,16.75,0,1.25,1.25,1.25,0,775.6,780.4,776.3784,1.7693,82.4,82.9,82.4811,0.1843,44.8,45.1,44.8486,0.1106,15.4,15.5,15.4838,0.0369,231.8,233.1,232.0108,0.4792,159,160.1,159.1784,0.4055,231.8,233.1,232.0108,0.4792,188.1,189.4,188.3108,0.4792
4058486834,509708645,9.85,9.95,9.9214,0.0452,7.4,7.4,7.4,0,30,30.2,30.0571,0.0904,627,629,628.4286,0.9035,23.15,23.25,23.2214,0.0452,-1.35,-1.35,-1.35,0,24.5,24.6,24.5714,0.0452,5.85,5.85,5.85,0,13.35,13.35,13.35,0,18.05,18.15,18.1214,0.0452,1.85,1.85,1.85,0,959.4,967.5,965.1857,3.6592,104.5,105.4,105.1429,0.4066,57.9,58.4,58.2571,0.2259,14.1,14.1,14.1,0,281.2,283.4,282.7714,0.9939,206.4,208.1,207.6143,0.768,226.8,228.9,228.3,0.9487,269.5,271.9,271.2143,1.0842
4058609507,508583916,9.05,9.05,9.05,0,7.3,7.3,7.3,0,29.3,29.4,29.3107,0.0309,646.6,649.3,649.0107,0.8351,22.55,22.55,22.55,0,-2.35,-2.35,-2.35,0,24.9,24.9,24.9,0,17.35,17.45,17.4393,0.0309,1.85,1.85,1.85,0,17.35,17.45,17.4393,0.0309,0.75,0.75,0.75,0,697.2,701.5,701.0393,1.33,85.8,86.3,86.2464,0.1546,39.9,40.2,40.1679,0.0928,23.8,23.9,23.8893,0.0309,234.4,236,235.8286,0.4949,134.1,134.9,134.8143,0.2474,234.4,236,235.8286,0.4949,137.7,138.4,138.325,0.2165
4058529294,508444225,10.45,10.45,10.45,0,7.2,7.2,7.2,0,31.4,31.4,31.4,0,572.3,572.3,572.3,0,22.85,22.85,22.85,0,0.05,0.05,0.05,0,22.8,22.8,22.8,0,17.85,17.85,17.85,0,6.45,6.45,6.45,0,17.85,17.85,17.85,0,3.15,3.15,3.15,0,806.9,806.9,806.9,0,79,79,79,0,50.7,50.7,50.7,0,10.7,10.7,10.7,0,224.6,224.6,224.6,0,171.6,171.6,171.6,0,224.6,224.6,224.6,0,195.4,195.4,195.4,0
4058602686,507586747,9.45,9.55,9.47,0.04,7.1,7.1,7.1,0,27.9,28,27.9178,0.0382,667.1,669.2,668.3467,0.5864,23.25,23.35,23.27,0.04,-2.05,-1.95,-2.03,0.04,25.3,25.3,25.3,0,18.15,18.25,18.1522,0.0147,4.95,5.05,4.9522,0.0147,18.15,18.25,18.1522,0.0147,0.95,1.05,0.97,0.04,572.6,583,580.2556,3.8765,60.2,61.3,61.0311,0.4141,34.1,34.8,34.6378,0.2627,17.3,17.3,17.3,0,175.4,178.5,177.68,1.16,116.4,118.6,118.0156,0.8154,175.4,178.5,177.68,1.16,134.9,137.4,136.7022,0.9311
4058509672,509007636,8.85,8.95,8.93,0.04,7.4,7.5,7.42,0.04,30.6,30.9,30.66,0.12,618.8,623.1,621.6056,1.7309,21.95,22.15,22.0911,0.0729,-2.15,-2.15,-2.15,0,24.1,24.3,24.2411,0.0729,15.35,15.55,15.4856,0.0793,4.65,4.75,4.73,0.04,16.85,17.05,16.9911,0.0729,0.95,1.05,1.0056,0.0497,765.4,787.4,776.2444,7.0527,72.1,74.1,73.1389,0.6273,48.7,50.2,49.4389,0.4809,9.9,10,9.9056,0.0229,208.1,214.3,211.0711,2.0191,166.6,171.5,169.0311,1.5652,200.1,206,202.9867,1.9014,192.1,197.5,194.8867,1.6978
4058468013,507069768,9.55,9.55,9.55,0,6.8,6.8,6.8,0,27.5,27.5,27.5,0,651.1,651.6,651.3741,0.2488,23.15,23.25,23.2048,0.0498,-1.45,-1.45,-1.45,0,24.6,24.7,24.6548,0.0498,17.95,17.95,17.95,0,5.05,5.15,5.1048,0.0498,17.95,17.95,17.95,0,1.25,1.25,1.25,0,566.7,568.3,567.632,0.4589,59.6,59.8,59.6711,0.0631,31,31.1,31.0452,0.0498,18,18.1,18.0548,0.0498,177.5,178,177.7421,0.1344,112.3,112.8,112.5777,0.1429,177.5,178,177.7421,0.1344,130.4,130.9,130.7056,0.1539
4058505429,508971884,9.65,9.85,9.8043,0.0778,7.3,7.4,7.305,0.0218,29.3,29.7,29.3929,0.106,641.3,648.4,646.2807,2.6593,22.95,23.25,23.1814,0.1178,-1.85,-1.75,-1.7679,0.0383,24.8,25,24.9493,0.0841,2.55,2.65,2.5771,0.0445,5.55,5.75,5.6593,0.0664,17.95,18.25,18.1364,0.1009,1.35,1.55,1.4593,0.0664,779.2,790.5,782.3357,4.055,74.9,76.1,75.2286,0.4328,49.7,50.4,49.9414,0.2141,9.2,9.3,9.2279,0.0448,209.9,213.6,210.9,1.3096,172.8,175.6,173.6393,0.9588,201.3,203.9,202.0843,0.9151,201.5,205.1,202.495,1.2994
4058494565,509299667,10.35,10.45,10.4329,0.0377,7.6,7.6,7.6,0,29.9,30,29.9171,0.0377,658.1,659.6,659.2571,0.5577,24.15,24.25,24.2329,0.0377,-1.25,-1.25,-1.25,0,25.4,25.5,25.4829,0.0377,17.35,17.35,17.35,0,6.15,6.25,6.2329,0.0377,18.95,19.05,19.0329,0.0377,1.95,1.95,1.95,0,703.8,708.5,705.8057,2.2818,70.8,71.2,70.9857,0.1417,46,46.5,46.2314,0.2122,13.3,13.6,13.4543,0.125,204.5,205.7,205.0429,0.4747,148,149.4,148.6,0.6306,200.9,202.2,201.5143,0.4297,157.5,159.3,158.2886,0.7682
4058567366,506767541,8.85,8.85,8.85,0,6.4,6.4,6.4,0,26.4,26.4,26.4,0,650.6,650.6,650.6,0,22.15,22.15,22.15,0,-2.15,-2.15,-2.15,0,24.3,24.3,24.3,0,17.25,17.25,17.25,0,4.25,4.25,4.25,0,17.25,17.25,17.25,0,0.55,0.55,0.55,0,593.3,595.3,595.1261,0.5635,65.2,65.5,65.4739,0.0845,33.7,33.8,33.7913,0.0282,16.7,16.8,16.7913,0.0282,179.5,180.3,180.2304,0.2254,120.5,120.9,120.8652,0.1127,179.5,180.3,180.2304,0.2254,137.9,138.2,138.1739,0.0845
4058528046,508428255,9.15,9.25,9.1794,0.0456,7,7,7,0,28,28.1,28.0824,0.0381,655.5,657.7,656.0941,0.9238,22.65,22.85,22.6971,0.0776,-2.35,-2.25,-2.3206,0.0456,25,25.1,25.0176,0.0381,17.55,17.75,17.6088,0.0911,4.75,4.85,4.7794,0.0456,17.55,17.75,17.6088,0.0911,0.75,0.85,0.7794,0.0456,711,715.1,711.5176,1.3102,83.2,83.7,83.3294,0.1404,44.5,44.9,44.5471,0.1289,19.7,19.8,19.7824,0.0381,224.7,226.1,225.0059,0.4065,146.9,147.9,147.0529,0.3183,224.7,226.1,225.0059,0.4065,159.7,160.7,159.8176,0.3222
4058568580,507326871,9.55,9.55,9.55,0,6.8,6.8,6.8,0,28.6,28.6,28.6,0,618.2,618.2,618.2,0,22.75,22.75,22.75,0,-1.05,-1.05,-1.05,0,23.8,23.8,23.8,0,17.55,17.55,17.55,0,5.25,5.25,5.25,0,17.55,17.55,17.55,0,1.65,1.65,1.65,0,719.3,719.3,719.3,0,73.3,73.3,73.3,0,44.4,44.4,44.4,0,14.2,14.2,14.2,0,213.5,213.5,213.5,0,150.7,150.7,150.7,0,213.5,213.5,213.5,0,173.2,173.2,173.2,0
4058552437,506603813,8.95,8.95,8.95,0,6.7,6.7,6.7,0,28.8,28.8,28.8,0,602.4,602.4,602.4,0,21.95,21.95,21.95,0,-1.25,-1.25,-1.25,0,23.2,23.2,23.2,0,16.75,16.75,16.75,0,4.55,4.55,4.55,0,16.75,16.75,16.75,0,1.35,1.35,1.35,0,810.6,810.6,810.6,0,83.2,83.2,83.2,0,46.5,46.5,46.5,0,14.9,14.9,14.9,0,239.7,239.7,239.7,0,167.9,167.9,167.9,0,239.7,239.7,239.7,0,198.2,198.2,198.2,0
4058488388,507684639,9.85,9.85,9.85,0,7.1,7.1,7.1,0,30.3,30.3,30.3,0,592.5,592.6,592.5889,0.0314,22.65,22.65,22.65,0,-0.65,-0.65,-0.65,0,23.3,23.3,23.3,0,3.45,3.45,3.45,0,5.65,5.75,5.6611,0.0314,17.55,17.55,17.55,0,2.35,2.35,2.35,0,816.9,820.2,818.5531,0.821,75.9,76.3,76.1049,0.0993,46.6,46.8,46.7025,0.0496,13,13,13,0,224.9,225.9,225.4123,0.2481,168.6,169.5,169.0235,0.2262,220.8,221.5,221.121,0.1769,204.9,205.9,205.4123,0.2481
4058488024,507937479,9.65,9.65,9.65,0,7.1,7.1,7.1,0,27.7,27.7,27.7,0,672.7,673.8,673.6778,0.3457,23.45,23.45,23.45,0,-2.05,-2.05,-2.05,0,25.5,25.5,25.5,0,18.35,18.35,18.35,0,5.15,5.15,5.15,0,18.35,18.35,18.35,0,1.05,1.05,1.05,0,593.8,598.2,594.2889,1.3828,70,70.5,70.0556,0.1571,35.7,36,35.7333,0.0943,20.9,20.9,20.9,0,189,190.4,189.1556,0.44,119.4,120.3,119.5,0.2828,189,190.4,189.1556,0.44,131.4,132.4,131.5111,0.3143
4058504946,509118377,9.65,9.75,9.6891,0.0488,7.4,7.4,7.4,0,29.2,29.3,29.2174,0.0379,660.6,661.7,660.9957,0.4974,23.25,23.35,23.2891,0.0488,-2.05,-1.95,-2.0109,0.0488,25.3,25.3,25.3,0,2.25,2.25,2.25,0,5.45,5.55,5.4717,0.0412,18.25,18.25,18.25,0,1.15,1.25,1.1717,0.0412,903.9,915.9,911.4652,4.1371,91.2,92.3,92.0435,0.4461,56.9,57.7,57.3435,0.2585,11.1,11.2,11.1609,0.0488,251.6,254.7,253.9739,1.256,199.2,201.6,200.8957,0.9005,228.1,231.7,229.8217,1.1233,238.3,241.2,240.5,1.1688
4058551824,506438607,8.95,8.95,8.95,0,6.3,6.3,6.3,0,27.6,27.6,27.6,0,602.8,602.8,602.8,0,21.75,21.75,21.75,0,-1.05,-1.05,-1.05,0,22.8,22.8,22.8,0,16.85,16.85,16.85,0,4.45,4.45,4.45,0,16.85,16.85,16.85,0,1.45,1.45,1.45,0,749.6,749.6,749.6,0,82,82,82,0,42.1,42.1,42.1,0,17.3,17.3,17.3,0,232.4,232.4,232.4,0,148.3,148.3,148.3,0,232.4,232.4,232.4,0,175.3,175.3,175.3,0
4058511838,507470393,9.65,9.65,9.65,0,7.1,7.1,7.1,0,27.7,27.7,27.7,0,675.6,675.6,675.6,0,23.65,23.65,23.65,0,-1.85,-1.85,-1.85,0,25.5,25.5,25.5,0,18.45,18.45,18.45,0,5.15,5.15,5.15,0,18.45,18.45,18.45,0,1.05,1.05,1.05,0,567.6,567.6,567.6,0,60.6,60.6,60.6,0,33.4,33.4,33.4,0,18.8,18.8,18.8,0,176.6,176.6,176.6,0,112.6,112.6,112.6,0,176.6,176.6,176.6,0,130.8,130.8,130.8,0
4058607842,507193312,9.65,9.65,9.65,0,6.9,6.9,6.9,0,29.4,29.4,29.4,0,605.9,605.9,605.9,0,22.65,22.65,22.65,0,-0.75,-0.75,-0.75,0,23.4,23.4,23.4,0,17.55,17.55,17.55,0,5.35,5.35,5.35,0,17.55,17.55,17.55,0,1.95,1.95,1.95,0,758.5,759.1,758.8375,0.2976,73.7,73.8,73.7563,0.0496,45.1,45.2,45.1563,0.0496,12.7,12.7,12.7,0,213.9,214.2,214.0688,0.1488,158.1,158.2,158.1563,0.0496,213.9,214.2,214.0688,0.1488,188.9,188.9,188.9,0
4058633101,506292274,8.85,8.85,8.85,0,5.6,5.6,5.6,0,26.3,26.3,26.3,0,576.2,576.2,576.2,0,20.75,20.75,20.75,0,-0.65,-0.55,-0.613,0.0483,21.3,21.4,21.363,0.0483,13.55,13.55,13.55,0,4.35,4.35,4.35,0,16.35,16.35,16.35,0,1.75,1.75,1.75,0,862.3,866.2,864.7556,1.8833,89.9,90.4,90.2148,0.2415,42.5,42.7,42.6259,0.0966,18.6,18.7,18.663,0.0483,250.6,251.9,251.4185,0.6278,162.3,162.9,162.6778,0.2897,245.5,246.7,246.2556,0.5795,205.4,206.1,205.8407,0.338
4058591914,508315069,9.25,9.25,9.25,0,7.1,7.1,7.1,0,29,29,29,0,638.1,638.1,638.1,0,22.55,22.55,22.55,0,-1.95,-1.95,-1.95,0,24.5,24.5,24.5,0,15.95,15.95,15.95,0,5.15,5.15,5.15,0,17.55,17.55,17.55,0,1.05,1.05,1.05,0,690.7,692.3,690.8185,0.419,70.4,70.7,70.4222,0.0786,41.1,41.1,41.1,0,15.5,15.5,15.5,0,207.6,208.3,207.6519,0.1833,138,138.1,138.0074,0.0262,200.4,200.9,200.437,0.1309,154.7,154.9,154.7148,0.0524
